,href,title,price,size,type,hight,direction,subway,community,address,date,num_count
0,https://wh.lianjia.com/zufang/104101085467.html,世纪江尚 4室2厅 14000元,14000,185平米,4室2厅3卫  ,中楼层 (共57层),南,距地铁2号线江汉路668米,世纪江尚-138套出租中,江汉-前进江汉,52天前发布,0
1,https://wh.lianjia.com/zufang/104101219114.html,三阳金城 3室2厅 5600元,5600,127平米,3室2厅1卫  ,低楼层 (共32层),南,距地铁1号线三阳路426米,三阳金城-47套出租中,江岸-三阳路,4天前发布,0
2,https://wh.lianjia.com/zufang/104101199663.html,银海华庭 1室0厅 2300元,2300,40平米,1室0厅1卫  ,高楼层 (共28层),南,暂无数据,银海华庭-15套出租中,武昌-水果湖,11天前发布,0
3,https://wh.lianjia.com/zufang/104101187540.html,东湖尚郡 3室2厅 9500元,9500,206平米,3室2厅2卫  ,中楼层 (共34层),南 北,距地铁4号线铁机路440米,东湖尚郡-19套出租中,洪山-团结大道,15天前发布,0
4,https://wh.lianjia.com/zufang/104101194337.html,阳光年华 精装3居室 全明格局 家电齐全 居家陪读好房,4800,129平米,3室2厅2卫  整租,低楼层 (共32层),南,距地铁2号线中南路1041米,阳光年华-15套出租中,武昌-中南丁字桥,13天前发布,0
5,https://wh.lianjia.com/zufang/104101223994.html,平安光谷春天 2室2厅 2500元,2500,79平米,2室2厅1卫  ,中楼层 (共33层),南,暂无数据,平安光谷春天-20套出租中,东湖高新-金融港,3天前发布,0
6,https://wh.lianjia.com/zufang/104101225354.html,金地雄楚一号 2室2厅 3200元,3200,90平米,2室2厅1卫  ,低楼层 (共33层),南,暂无数据,金地雄楚一号-59套出租中,东湖高新-关西长职,2天前发布,0
7,https://wh.lianjia.com/zufang/104101225381.html,奥山世纪城CC尚品 3室2厅 3300元,3300,90平米,3室2厅1卫  ,中楼层 (共30层),南,暂无数据,奥山世纪城CC尚品-18套出租中,青山-青山,2天前发布,0
8,https://wh.lianjia.com/zufang/104101225686.html,鑫瑞小城故事 1室1厅 1600元,1600,45平米,1室1厅1卫  ,高楼层 (共18层),南,暂无数据,鑫瑞小城故事-23套出租中,汉阳-王家湾,2天前发布,0
9,https://wh.lianjia.com/zufang/104101224430.html,舞台社区 2室1厅 2800元,2800,66平米,2室1厅1卫  ,中楼层 (共9层),南,距地铁6号线六渡桥123米,舞台社区-9套出租中,江汉-前进江汉,3天前发布,0
10,https://wh.lianjia.com/zufang/104101062287.html,新城丽景B区 3室2厅 1700元,1700,102平米,3室2厅1卫  ,低楼层 (共42层),南 西北,暂无数据,新城丽景B区-35套出租中,汉阳-钟家村,61天前发布,0
11,https://wh.lianjia.com/zufang/104101161961.html,常阳永清城 1室1厅 3200元,3200,52平米,1室1厅1卫  ,高楼层 (共32层),南,距地铁8号线黄浦路106米,常阳永清城-46套出租中,江岸-黄埔永清,24天前发布,0
12,https://wh.lianjia.com/zufang/104101210961.html,华乐山庄 2室1厅 3000元,3000,105平米,2室1厅1卫  ,低楼层 (共7层),南,距地铁2号线光谷广场669米,华乐山庄-8套出租中,东湖高新-光谷广场,7天前发布,0
13,https://wh.lianjia.com/zufang/104101225795.html,龙江庭苑B区 2室2厅 2200元,2200,70平米,2室2厅1卫  ,高楼层 (共18层),南,距地铁4号线汉阳火车站1169米,龙江庭苑B区-7套出租中,汉阳-钟家村,2天前发布,0
14,https://wh.lianjia.com/zufang/104101224173.html,广厦中北领秀小区 3室2厅 5500元,5500,121平米,3室2厅2卫  ,中楼层 (共15层),南 北,距地铁4号线楚河汉街346米,广厦中北领秀小区-2套出租中,洪山-楚河汉街,3天前发布,0
15,https://wh.lianjia.com/zufang/104101225884.html,保利中央公馆 3室2厅 2800元,2800,90.99平米,3室2厅1卫  ,高楼层 (共34层),南,暂无数据,保利中央公馆-82套出租中,洪山-新南湖,2天前发布,0
16,https://wh.lianjia.com/zufang/104101225736.html,远洋心汉口二期 3室1厅 3300元,3300,99平米,3室1厅1卫  ,低楼层 (共41层),南,暂无数据,远洋心汉口二期-67套出租中,江汉-长丰常码头,2天前发布,0
17,https://wh.lianjia.com/zufang/104101221992.html,保利心语三期 3室2厅 2800元,2800,100平米,3室2厅2卫  ,高楼层 (共18层),南,暂无数据,保利心语三期-34套出租中,洪山-珞狮南路,3天前发布,0
18,https://wh.lianjia.com/zufang/104101216493.html,保利华都 1室0厅 850元,850,15平米,1室0厅1卫  ,高楼层 (共32层),南,距地铁2号线杨家湾540米,保利华都-108套出租中,洪山-虎泉杨家湾,5天前发布,0
19,https://wh.lianjia.com/zufang/104101225727.html,远洋心汉口二期 2室1厅 3000元,3000,78平米,2室1厅1卫  ,低楼层 (共49层),南,距地铁2号线汉口火车站723米,远洋心汉口二期-67套出租中,江汉-长丰常码头,2天前发布,0
20,https://wh.lianjia.com/zufang/104101213313.html,保利华都 1室0厅 750元,750,8平米,1室0厅0卫  ,低楼层 (共34层),南,距地铁2号线杨家湾783米,保利华都-108套出租中,洪山-虎泉杨家湾,6天前发布,0
21,https://wh.lianjia.com/zufang/104101225901.html,藏龙新城 3室2厅 2800元,2800,122平米,3室2厅1卫  ,高楼层 (共6层),南,暂无数据,藏龙新城-12套出租中,东湖高新-光谷南,2天前发布,0
22,https://wh.lianjia.com/zufang/104101214910.html,陶馨园 2室1厅 1800元,1800,70平米,2室1厅1卫  ,高楼层 (共32层),南,距地铁3号线陶家岭919米,陶馨园-13套出租中,汉阳-王家湾,6天前发布,0
23,https://wh.lianjia.com/zufang/104101166830.html,世界城尚都 1室1厅 2300元,2300,57平米,1室1厅1卫  ,低楼层 (共30层),南,距地铁2号线光谷广场791米,世界城尚都-75套出租中,东湖高新-光谷广场,22天前发布,0
24,https://wh.lianjia.com/zufang/104101173387.html,浩海小区 2室1厅 2200元,2200,77平米,2室1厅1卫  ,中楼层 (共8层),南,距地铁2号线长港路1186米,浩海小区-20套出租中,江汉-杨汊湖,21天前发布,0
25,https://wh.lianjia.com/zufang/104101220433.html,金色未来 1室0厅 2000元,2000,36平米,1室0厅1卫  ,中楼层 (共23层),南,距地铁1号线大智路456米,金色未来-4套出租中,江岸-大智路,4天前发布,0
26,https://wh.lianjia.com/zufang/104101225259.html,华中科技大学东校区教职工宿舍 3室1厅 3000元,3000,103平米,3室1厅1卫  ,低楼层 (共6层),南,暂无数据,华中科技大学东校区教职工宿舍-1套出租中,东湖高新-华科大,2天前发布,0
27,https://wh.lianjia.com/zufang/104101219657.html,广电兰亭都荟 3室2厅 2500元,2500,90平米,3室2厅1卫  ,低楼层 (共33层),南,暂无数据,广电兰亭都荟-24套出租中,汉阳-钟家村,4天前发布,0
28,https://wh.lianjia.com/zufang/104101182206.html,采光良好，通透性强，拎包入住。,1700,42.62平米,1室0厅1卫  ,中楼层 (共18层),南,暂无数据,99号公寓-12套出租中,武昌-中南丁字桥,17天前发布,0
29,https://wh.lianjia.com/zufang/104101225132.html,楚夏花园懒公馆 2室1厅 2300元,2300,94平米,2室1厅1卫  ,高楼层 (共16层),南,暂无数据,楚夏花园懒公馆-2套出租中,江夏-文化大道,2天前发布,0
30,https://wh.lianjia.com/zufang/104100812377.html,宝安璞园一期 5室0厅 800元,800,20平米,5室0厅0卫  ,高楼层 (共18层),南,暂无数据,宝安璞园一期-5套出租中,洪山-南湖沃尔玛,203天前发布,0
31,https://wh.lianjia.com/zufang/104100811828.html,福星华府 3室1厅 2800元,2800,91.23平米,3室1厅1卫  ,低楼层 (共45层),南,距地铁2号线长港路928米,福星华府-28套出租中,江汉-杨汊湖,203天前发布,0
32,https://wh.lianjia.com/zufang/104100785357.html,泛海国际竹海园 3室2厅 4000元,4000,100.19平米,3室2厅1卫  ,中楼层 (共33层),南 北,距地铁3号线武汉商务区1089米,泛海国际竹海园-51套出租中,江汉-CBD西北湖,225天前发布,0
33,https://wh.lianjia.com/zufang/104100807182.html,泰然南湖玫瑰湾二期 4室2厅 13000元,13000,400平米,4室2厅2卫  ,高楼层 (共30层),南,暂无数据,泰然南湖玫瑰湾二期-14套出租中,洪山-珞狮南路,207天前发布,0
34,https://wh.lianjia.com/zufang/104100794043.html,阳光100大湖第 4室3厅 7500元,7500,400平米,4室3厅5卫  ,地下室 (共3层),南,暂无数据,阳光100大湖第-34套出租中,江夏-藏龙岛,218天前发布,0
35,https://wh.lianjia.com/zufang/104100792025.html,泛海国际松海园 2室2厅 3200元,3200,96平米,2室2厅1卫  ,高楼层 (共32层),南,距地铁3号线武汉商务区1075米,泛海国际松海园-29套出租中,江汉-CBD西北湖,220天前发布,0
36,https://wh.lianjia.com/zufang/104100773619.html,汉钢宿舍 2室1厅 1700元,1700,83平米,2室1厅1卫  ,中楼层 (共7层),南,暂无数据,汉钢宿舍-4套出租中,汉阳-钟家村,233天前发布,0
37,https://wh.lianjia.com/zufang/104100810535.html,双塘小区 1室2厅 2300元,2300,88平米,1室2厅1卫  ,高楼层 (共7层),南,距地铁2号线光谷广场128米,双塘小区-18套出租中,东湖高新-光谷广场,204天前发布,0
38,https://wh.lianjia.com/zufang/104100849335.html,玫瑰苑G区 2室2厅 1800元,1800,85平米,2室2厅1卫  ,高楼层 (共7层),南,距地铁4号线玉龙路441米,玫瑰苑G区-3套出租中,汉阳-王家湾,169天前发布,0
39,https://wh.lianjia.com/zufang/104100854248.html,亚贸商圈石牌岭路武科大洪山职工楼3房,2700,110平米,3室2厅1卫  ,高楼层 (共7层),南 北,暂无数据,武汉科技大学洪山职工楼-4套出租中,洪山-街道口,167天前发布,0
40,https://wh.lianjia.com/zufang/104100849219.html,洪山坊社区 2室1厅 1800元,1800,65平米,2室1厅1卫  ,高楼层 (共5层),南,距地铁2号线中南路935米,洪山坊社区-6套出租中,武昌-中南丁字桥,169天前发布,0
41,https://wh.lianjia.com/zufang/104100862674.html,百胜春天 3室2厅 2600元,2600,120平米,3室2厅1卫  ,中楼层 (共11层),南 北,暂无数据,百胜春天-18套出租中,江岸-后湖,162天前发布,0
42,https://wh.lianjia.com/zufang/104100837516.html,ZAMA PARK 1室1厅 1700元,1700,46.5平米,1室1厅1卫  ,低楼层 (共25层),南,距地铁3号线市民之家897米,ZAMA PARK-56套出租中,江岸-塔子湖,175天前发布,0
43,https://wh.lianjia.com/zufang/104100830667.html,交通便利，一居室毛坯出租，小区配套完善,3800,39.97平米,1室0厅1卫  ,中楼层 (共27层),南,暂无数据,中南SOHO城-30套出租中,洪山-武昌火车站,178天前发布,0
44,https://wh.lianjia.com/zufang/104100852998.html,西北湖凤凰城 2室2厅 4300元,4300,111平米,2室2厅1卫  ,中楼层 (共26层),南,距地铁3号线范湖827米,西北湖凤凰城-16套出租中,江汉-CBD西北湖,167天前发布,0
45,https://wh.lianjia.com/zufang/104100864600.html,水岸星城 2室2厅 6500元,6500,149平米,2室2厅2卫  ,高楼层 (共52层),南 北,距地铁8号线汪家墩892米,水岸星城-94套出租中,洪山-沙湖,161天前发布,0
46,https://wh.lianjia.com/zufang/104100837407.html,港台公寓 2室1厅 2500元,2500,71平米,2室1厅1卫  ,低楼层 (共12层),南,距地铁6号线苗栗路453米,港台公寓-5套出租中,江岸-台北香港路,175天前发布,0
47,https://wh.lianjia.com/zufang/104100823488.html,融侨锦江 1室1厅 750元,750,15平米,1室1厅1卫  ,高楼层 (共40层),南,距地铁3号线宗关802米,融侨锦江-28套出租中,硚口-宗关,182天前发布,0
48,https://wh.lianjia.com/zufang/104100831817.html,康泰苑 5室2厅 3000元,3000,175.33平米,5室2厅2卫  ,高楼层 (共6层),南,距地铁6号线马鹦路913米,康泰苑-1套出租中,汉阳-钟家村,178天前发布,0
49,https://wh.lianjia.com/zufang/104100858839.html,兴华嘉天下 2室2厅 3500元,3500,98平米,2室2厅1卫  ,低楼层 (共25层),南,距地铁8号线汪家墩635米,兴华嘉天下-14套出租中,洪山-沙湖,164天前发布,0
50,https://wh.lianjia.com/zufang/104100828247.html,欧景苑四期 3室2厅 2800元,2800,128平米,3室2厅2卫  ,高楼层 (共18层),南 北,暂无数据,欧景苑四期-2套出租中,武昌-杨园,180天前发布,0
51,https://wh.lianjia.com/zufang/104100864784.html,恒昌欧景华庭 3室2厅 2600元,2600,120平米,3室2厅2卫  ,高楼层 (共8层),南,距地铁3号线罗家庄852米,恒昌欧景华庭-12套出租中,江岸-二七,161天前发布,0
52,https://wh.lianjia.com/zufang/104100860454.html,武铁四美苑 2室2厅 2300元,2300,97平米,2室2厅1卫  ,高楼层 (共7层),南,暂无数据,武铁四美苑-18套出租中,武昌-徐东,163天前发布,0
53,https://wh.lianjia.com/zufang/104100839736.html,保利拉菲堂皇 5室3厅 7000元,7000,200平米,5室3厅2卫  ,低楼层 (共3层),南 北,暂无数据,保利拉菲堂皇-3套出租中,洪山-卓刀泉,174天前发布,0
54,https://wh.lianjia.com/zufang/104100860719.html,橙果 1室1厅 2300元,2300,60平米,1室1厅1卫  ,中楼层 (共30层),南,暂无数据,橙果-65套出租中,洪山-南湖沃尔玛,163天前发布,0
55,https://wh.lianjia.com/zufang/104100818585.html,广电兰亭熙园 3室2厅 4500元,4500,150平米,3室2厅1卫  ,中楼层 (共19层),北,暂无数据,广电兰亭熙园-30套出租中,汉阳-钟家村,196天前发布,0
56,https://wh.lianjia.com/zufang/104100854332.html,龙江庭苑C区 2室1厅 2400元,2400,73平米,2室1厅1卫  ,高楼层 (共18层),南,暂无数据,龙江庭苑C区-12套出租中,汉阳-钟家村,167天前发布,0
57,https://wh.lianjia.com/zufang/104100858255.html,融侨锦城 1室0厅 1800元,1800,43.06平米,1室0厅1卫  ,中楼层 (共15层),南,距地铁1号线古田三路536米,融侨锦城-29套出租中,硚口-古田,164天前发布,0
58,https://wh.lianjia.com/zufang/104100827003.html,怡景苑 2室1厅 2800元,2800,95平米,2室1厅1卫  ,高楼层 (共34层),南 东,暂无数据,怡景苑-9套出租中,武昌-杨园,180天前发布,0
59,https://wh.lianjia.com/zufang/104100850855.html,泰然南湖玫瑰湾三期 4室2厅 3000元,3000,140平米,4室2厅2卫  ,低楼层 (共28层),南,暂无数据,泰然南湖玫瑰湾三期-7套出租中,洪山-珞狮南路,168天前发布,0
60,https://wh.lianjia.com/zufang/104100866132.html,碧桂园生态城依云 3室2厅 3800元,3800,136平米,3室2厅2卫  ,中楼层 (共27层),南,暂无数据,碧桂园生态城依云-23套出租中,东湖高新-光谷东,161天前发布,0
61,https://wh.lianjia.com/zufang/104100833595.html,海景花园D区 3室2厅 2500元,2500,210平米,3室2厅2卫  ,高楼层 (共7层),南 北,暂无数据,海景花园D区-1套出租中,东西湖-吴家山,177天前发布,0
62,https://wh.lianjia.com/zufang/104100841249.html,金珠港湾二期 2室2厅 1500元,1500,112平米,2室2厅1卫  ,高楼层 (共9层),南,暂无数据,金珠港湾二期-24套出租中,东西湖-金银湖,173天前发布,0
63,https://wh.lianjia.com/zufang/104100820839.html,世界城尚都 1室1厅 2600元,2600,57平米,1室1厅1卫  ,中楼层 (共30层),南,距地铁2号线光谷广场714米,世界城尚都-75套出租中,东湖高新-光谷广场,183天前发布,0
64,https://wh.lianjia.com/zufang/104100867959.html,海赋江城天韵 3室2厅 2000元,2000,109平米,3室2厅1卫  ,中楼层 (共34层),南,距地铁3号线兴业路440米,海赋江城天韵-24套出租中,江岸-百步亭,160天前发布,0
65,https://wh.lianjia.com/zufang/104100896834.html,广埠屯街道口H出口 武大口腔医院 精装修拎包入住,2000,50平米,4室2厅2卫  ,高楼层 (共8层),南,距地铁2号线广埠屯1000米,七环科技公寓-2套出租中,洪山-街道口,146天前发布,0
66,https://wh.lianjia.com/zufang/104100903192.html,三金潭▪福星家园 2室1厅 1500元,1500,90平米,2室1厅1卫  ,低楼层 (共32层),南,暂无数据,三金潭▪福星家园-8套出租中,江岸-堤角,142天前发布,0
67,https://wh.lianjia.com/zufang/104100877873.html,武汉积玉桥万达广场二期 1室0厅 400元,400,10平米,1室0厅0卫  ,地下室 (共1层),南,暂无数据,武汉积玉桥万达广场二期-161套出租中,武昌-积玉桥,155天前发布,0
68,https://wh.lianjia.com/zufang/104100897780.html,东立国际 3室2厅 3200元,3200,128平米,3室2厅2卫  ,低楼层 (共12层),南 北,距地铁3号线二七小路1050米,东立国际-119套出租中,江岸-二七,145天前发布,0
69,https://wh.lianjia.com/zufang/104100903517.html,汇博苑 2室2厅 3800元,3800,89平米,2室2厅1卫  ,高楼层 (共31层),南,暂无数据,汇博苑-5套出租中,东湖高新-华科大,142天前发布,0
70,https://wh.lianjia.com/zufang/104100881484.html,泛海国际悦海园 2室2厅 6500元,6500,85平米,2室2厅1卫  ,中楼层 (共32层),南,距地铁3号线云飞路653米,泛海国际悦海园-72套出租中,江汉-CBD西北湖,153天前发布,0
71,https://wh.lianjia.com/zufang/104100897152.html,西班牙风情街 1室1厅 4000元,4000,47平米,1室1厅1卫  ,中楼层 (共5层),南 北,距地铁2号线光谷广场834米,西班牙风情街-6套出租中,东湖高新-光谷广场,145天前发布,0
72,https://wh.lianjia.com/zufang/104100894284.html,水仙里社区 2室1厅 1800元,1800,70平米,2室1厅1卫  ,高楼层 (共7层),南,距地铁3号线王家湾843米,水仙里社区-22套出租中,汉阳-王家湾,147天前发布,0
73,https://wh.lianjia.com/zufang/104100898527.html,南国中心 2室1厅 4500元,4500,97平米,2室1厅1卫  ,中楼层 (共31层),南,距地铁1号线循礼门419米,南国中心-34套出租中,江汉-武广万松园,145天前发布,0
74,https://wh.lianjia.com/zufang/104100867938.html,街道口群光上苑精装两室一厅可办公可居家,5000,102平米,2室2厅1卫  ,高楼层 (共30层),南,距地铁2号线街道口178米,群光上苑-45套出租中,洪山-街道口,160天前发布,0
75,https://wh.lianjia.com/zufang/104100895255.html,东方华府 2室2厅 2300元,2300,96平米,2室2厅1卫  ,中楼层 (共6层),南 北,距地铁3号线兴业路983米,东方华府-6套出租中,江岸-后湖,146天前发布,0
76,https://wh.lianjia.com/zufang/104100882100.html,环亚大厦 3室2厅 4500元,4500,140平米,3室2厅1卫  ,中楼层 (共20层),南,距地铁2号线王家墩东1129米,环亚大厦-14套出租中,江岸-台北香港路,153天前发布,0
77,https://wh.lianjia.com/zufang/104100894850.html,爱家国际华城 3室2厅 3800元,3800,120平米,3室2厅2卫  ,低楼层 (共28层),南,暂无数据,爱家国际华城-23套出租中,洪山-团结大道,146天前发布,0
78,https://wh.lianjia.com/zufang/104100896905.html,都市兰亭 1室0厅 2300元,2300,46平米,1室0厅1卫  ,高楼层 (共18层),南,距地铁4号线钟家村176米,都市兰亭-20套出租中,汉阳-钟家村,145天前发布,0
79,https://wh.lianjia.com/zufang/104100868185.html,盛和嘉园 3室2厅 4800元,4800,119平米,3室2厅2卫  ,中楼层 (共20层),西,距地铁1号线三阳路657米,盛和嘉园-5套出租中,江岸-三阳路,160天前发布,0
80,https://wh.lianjia.com/zufang/104100884268.html,越秀星汇君泊越天地 2室1厅 6000元,6000,55平米,2室1厅2卫  整租,中楼层 (共35层),南,距地铁8号线塔子湖163米,越秀星汇君泊越天地-28套出租中,江岸-塔子湖,152天前发布,0
81,https://wh.lianjia.com/zufang/104100884264.html,越秀星汇君泊越天地 2室1厅 6000元,6000,55平米,2室1厅2卫  ,中楼层 (共35层),南,距地铁8号线塔子湖163米,越秀星汇君泊越天地-28套出租中,江岸-塔子湖,152天前发布,0
82,https://wh.lianjia.com/zufang/104100895600.html,天顺园四村 1室0厅 800元,800,15平米,1室0厅0卫  ,高楼层 (共6层),南,暂无数据,天顺园四村-5套出租中,硚口-长丰常码头,146天前发布,0
83,https://wh.lianjia.com/zufang/104100885895.html,党校宿舍（武广万松园） 3室2厅 4000元,4000,130平米,3室2厅1卫  ,高楼层 (共7层),南,距地铁2号线青年路267米,党校宿舍（武广万松园）-10套出租中,江汉-武广万松园,151天前发布,0
84,https://wh.lianjia.com/zufang/104100890719.html,四眼井66到68号 2室1厅 2500元,2500,70平米,2室1厅1卫  ,中楼层 (共8层),南,距地铁2号线街道口843米,四眼井66到68号-4套出租中,洪山-街道口,148天前发布,0
85,https://wh.lianjia.com/zufang/104100902725.html,武汉积玉桥万达广场二期 3室2厅 22000元,22000,329.57平米,3室2厅2卫  ,高楼层 (共43层),南,距地铁2号线积玉桥701米,武汉积玉桥万达广场二期-161套出租中,武昌-积玉桥,142天前发布,0
86,https://wh.lianjia.com/zufang/104100888810.html,美联奥林匹克花园五期 3室2厅 1500元,1500,97平米,3室2厅1卫  ,低楼层 (共33层),南,暂无数据,美联奥林匹克花园五期-21套出租中,东西湖-常青花园,150天前发布,0
87,https://wh.lianjia.com/zufang/104100887282.html,台北四村 3室2厅 3000元,3000,150平米,3室2厅2卫  ,中楼层 (共8层),南 北,距地铁3号线菱角湖1046米,台北四村-30套出租中,江岸-台北香港路,150天前发布,0
88,https://wh.lianjia.com/zufang/104100922662.html,双塘小区 2室2厅 3700元,3700,112平米,2室2厅2卫  ,高楼层 (共7层),南,距地铁2号线光谷广场128米,双塘小区-18套出租中,东湖高新-光谷广场,132天前发布,0
89,https://wh.lianjia.com/zufang/104100922947.html,泛海国际悦海园 2室1厅 3500元,3500,88.98平米,2室1厅1卫  ,中楼层 (共32层),南 北,距地铁3号线范湖686米,泛海国际悦海园-72套出租中,江汉-CBD西北湖,132天前发布,0
90,https://wh.lianjia.com/zufang/104100916709.html,双地铁（3号线/6号线），精装房有地暖，万科物业。,4200,109平米,3室2厅2卫  ,低楼层 (共33层),南 北,距地铁6号线车城东路440米,万科翡翠玖玺-11套出租中,沌口开发区-沌口,135天前发布,0
91,https://wh.lianjia.com/zufang/104100934595.html,美好名流汇 3室2厅 2000元,2000,91.98平米,3室2厅1卫  ,低楼层 (共18层),东,距地铁1号线古田二路399米,美好名流汇-38套出租中,硚口-古田,126天前发布,0
92,https://wh.lianjia.com/zufang/104100916665.html,泛海国际桂海园 2室1厅 3800元,3800,90平米,2室1厅1卫  ,低楼层 (共28层),南 北,距地铁3号线武汉商务区1101米,泛海国际桂海园-130套出租中,江汉-CBD西北湖,135天前发布,0
93,https://wh.lianjia.com/zufang/104100933547.html,绿地国际金融城二期 4室2厅 5500元,5500,241平米,4室2厅3卫  ,中楼层 (共36层),南,暂无数据,绿地国际金融城二期-90套出租中,武昌-积玉桥,127天前发布,0
94,https://wh.lianjia.com/zufang/104100922014.html,东立国际 1室1厅 1900元,1900,43平米,1室1厅1卫  ,高楼层 (共17层),南,距地铁3号线二七小路773米,东立国际-119套出租中,江岸-二七,132天前发布,0
95,https://wh.lianjia.com/zufang/104100915174.html,五里汉城 3室2厅 2800元,2800,122平米,3室2厅2卫  ,低楼层 (共11层),南 北,距地铁4号线汉阳火车站1017米,五里汉城-18套出租中,汉阳-钟家村,136天前发布,0
96,https://wh.lianjia.com/zufang/104100925882.html,百瑞景+精装房+宝通寺地铁口+亚贸商场+陆总医院,3300,82平米,2室1厅1卫  整租,低楼层 (共34层),南,距地铁2号线宝通寺1120米,百瑞景中央生活区二期东区-24套出租中,武昌-中南丁字桥,131天前发布,0
97,https://wh.lianjia.com/zufang/104100907003.html,武昌火车站毛坯房，好位置，出行方便,2000,50平米,1室1厅1卫  ,高楼层 (共28层),南,距地铁4号线武昌火车站250米,万金国际广场-56套出租中,武昌-武昌火车站,140天前发布,0
98,https://wh.lianjia.com/zufang/104100913648.html,保利花园 2室2厅 2800元,2800,83平米,2室2厅1卫  ,低楼层 (共11层),南,暂无数据,保利花园-60套出租中,东湖高新-关山大道,137天前发布,0
99,https://wh.lianjia.com/zufang/104100914745.html,保利心语七期 3室1厅 2600元,2600,89平米,3室1厅1卫  ,中楼层 (共24层),南,暂无数据,保利心语七期-26套出租中,洪山-珞狮南路,136天前发布,0
100,https://wh.lianjia.com/zufang/104100922750.html,三星公寓 3室2厅 2300元,2300,107平米,3室2厅1卫  ,中楼层 (共8层),东南,距地铁4号线拦江路938米,三星公寓-4套出租中,汉阳-钟家村,132天前发布,0
101,https://wh.lianjia.com/zufang/104100909885.html,沿海菱角湖壹号 2室1厅 4500元,4500,46平米,2室1厅1卫  ,高楼层 (共41层),西,距地铁3号线菱角湖443米,沿海菱角湖壹号-41套出租中,江汉-新华路万达,139天前发布,0
102,https://wh.lianjia.com/zufang/104100918238.html,关山春晓 4室2厅 4000元,4000,128.26平米,4室2厅3卫  ,高楼层 (共7层),东南,暂无数据,关山春晓-15套出租中,东湖高新-关山大道,134天前发布,0
103,https://wh.lianjia.com/zufang/104100933879.html,阳光100大湖第 5室4厅 12000元,12000,516.75平米,5室4厅5卫  ,地下室 (共3层),西南,暂无数据,阳光100大湖第-34套出租中,江夏-藏龙岛,126天前发布,0
104,https://wh.lianjia.com/zufang/104100913743.html,航天双城 1室0厅 2300元,2300,52平米,1室0厅1卫  ,高楼层 (共28层),东南,距地铁1号线二七路594米,航天双城-63套出租中,江岸-二七,136天前发布,0
105,https://wh.lianjia.com/zufang/104100907628.html,积玉桥中山社区 2室1厅 2300元,2300,56平米,2室1厅1卫  ,高楼层 (共8层),南,距地铁2号线积玉桥764米,积玉桥中山社区-13套出租中,武昌-积玉桥,139天前发布,0
106,https://wh.lianjia.com/zufang/104100934036.html,融园国际 1室1厅 680元,680,68平米,1室1厅1卫  ,高楼层 (共30层),南,暂无数据,融园国际-15套出租中,东西湖-金银湖,126天前发布,0
107,https://wh.lianjia.com/zufang/104100915815.html,南湖大道澜花语岸 居家大三房 拎包入住 随时看房,3000,112.76平米,3室1厅1卫  整租,高楼层 (共11层),南 北,暂无数据,澜花语岸-13套出租中,洪山-珞狮南路,135天前发布,0
108,https://wh.lianjia.com/zufang/104100932773.html,ZAMA PARK 3室2厅 3400元,3400,50平米,3室2厅2卫  ,低楼层 (共25层),南,距地铁3号线市民之家877米,ZAMA PARK-56套出租中,江岸-塔子湖,127天前发布,0
109,https://wh.lianjia.com/zufang/104100918738.html,泛海国际桂海园 精装朝南两房 空房出租 价格可谈,3500,90平米,2室2厅1卫  ,高楼层 (共27层),南,距地铁3号线武汉商务区1083米,泛海国际桂海园-130套出租中,江汉-CBD西北湖,134天前发布,0
110,https://wh.lianjia.com/zufang/104100933979.html,城开玉桥新都 1室0厅 1400元,1400,20平米,1室0厅0卫  ,中楼层 (共11层),东南 南,距地铁2号线积玉桥383米,城开玉桥新都-10套出租中,武昌-积玉桥,126天前发布,0
111,https://wh.lianjia.com/zufang/104100930189.html,万科锦程 1室0厅 1100元,1100,26平米,1室0厅0卫  ,高楼层 (共34层),南,暂无数据,万科锦程-21套出租中,东湖高新-民族大道,128天前发布,0
112,https://wh.lianjia.com/zufang/104100926640.html,保利心语三期 2室0厅 750元,750,127平米,2室0厅0卫  ,低楼层 (共18层),南,暂无数据,保利心语三期-34套出租中,洪山-珞狮南路,130天前发布,0
113,https://wh.lianjia.com/zufang/104100926248.html,九峰明畅里 3室2厅 2300元,2300,100平米,3室2厅1卫  ,高楼层 (共18层),南,暂无数据,九峰明畅里-8套出租中,东湖高新-光谷东,130天前发布,0
114,https://wh.lianjia.com/zufang/104100937867.html,城开二七城市广场 2室1厅 2300元,2300,80平米,2室1厅1卫  ,中楼层 (共19层),南,距地铁1号线丹水池451米,城开二七城市广场-32套出租中,江岸-百步亭,124天前发布,0
115,https://wh.lianjia.com/zufang/104100886100.html,瑞湖天地 4室2厅 3500元,3500,128平米,4室2厅2卫  ,低楼层 (共18层),南 北,暂无数据,瑞湖天地-24套出租中,洪山-珞狮南路,151天前发布,0
116,https://wh.lianjia.com/zufang/104100905304.html,联通佳苑 5室2厅 2000元,2000,180平米,5室2厅2卫  ,低楼层 (共20层),南 北,暂无数据,联通佳苑-13套出租中,东西湖-金银湖,141天前发布,0
117,https://wh.lianjia.com/zufang/104100891023.html,安居苑A区 3室2厅 2400元,2400,130平米,3室2厅2卫  ,高楼层 (共7层),南,距地铁阳逻线百步亭花园路1041米,安居苑A区-13套出租中,江岸-百步亭,148天前发布,0
118,https://wh.lianjia.com/zufang/104100882830.html,铂金天地 交通方便 傍边沙湖 风景优美,2300,92平米,2室2厅1卫  整租,低楼层 (共33层),南,暂无数据,铂金天地-11套出租中,洪山-沙湖,153天前发布,0
119,https://wh.lianjia.com/zufang/104100929693.html,融侨锦城1室 通透户型 采光充足,1800,43.08平米,1室1厅1卫  ,中楼层 (共15层),南,距地铁1号线古田三路536米,融侨锦城-29套出租中,硚口-古田,129天前发布,0
120,https://wh.lianjia.com/zufang/104100907628.html,积玉桥中山社区 2室1厅 2300元,2300,56平米,2室1厅1卫  ,高楼层 (共8层),南,距地铁2号线积玉桥764米,积玉桥中山社区-13套出租中,武昌-积玉桥,139天前发布,0
121,https://wh.lianjia.com/zufang/104100934036.html,融园国际 1室1厅 680元,680,68平米,1室1厅1卫  ,高楼层 (共30层),南,暂无数据,融园国际-15套出租中,东西湖-金银湖,126天前发布,0
122,https://wh.lianjia.com/zufang/104100915815.html,南湖大道澜花语岸 居家大三房 拎包入住 随时看房,3000,112.76平米,3室1厅1卫  整租,高楼层 (共11层),南 北,暂无数据,澜花语岸-13套出租中,洪山-珞狮南路,135天前发布,0
123,https://wh.lianjia.com/zufang/104100932773.html,ZAMA PARK 3室2厅 3400元,3400,50平米,3室2厅2卫  ,低楼层 (共25层),南,距地铁3号线市民之家877米,ZAMA PARK-56套出租中,江岸-塔子湖,127天前发布,0
124,https://wh.lianjia.com/zufang/104100918738.html,泛海国际桂海园 精装朝南两房 空房出租 价格可谈,3500,90平米,2室2厅1卫  ,高楼层 (共27层),南,距地铁3号线武汉商务区1083米,泛海国际桂海园-130套出租中,江汉-CBD西北湖,134天前发布,0
125,https://wh.lianjia.com/zufang/104100933979.html,城开玉桥新都 1室0厅 1400元,1400,20平米,1室0厅0卫  ,中楼层 (共11层),东南 南,距地铁2号线积玉桥383米,城开玉桥新都-10套出租中,武昌-积玉桥,126天前发布,0
126,https://wh.lianjia.com/zufang/104100930189.html,万科锦程 1室0厅 1100元,1100,26平米,1室0厅0卫  ,高楼层 (共34层),南,暂无数据,万科锦程-21套出租中,东湖高新-民族大道,128天前发布,0
127,https://wh.lianjia.com/zufang/104100926640.html,保利心语三期 2室0厅 750元,750,127平米,2室0厅0卫  ,低楼层 (共18层),南,暂无数据,保利心语三期-34套出租中,洪山-珞狮南路,130天前发布,0
128,https://wh.lianjia.com/zufang/104100926248.html,九峰明畅里 3室2厅 2300元,2300,100平米,3室2厅1卫  ,高楼层 (共18层),南,暂无数据,九峰明畅里-8套出租中,东湖高新-光谷东,130天前发布,0
129,https://wh.lianjia.com/zufang/104100937867.html,城开二七城市广场 2室1厅 2300元,2300,80平米,2室1厅1卫  ,中楼层 (共19层),南,距地铁1号线丹水池451米,城开二七城市广场-32套出租中,江岸-百步亭,124天前发布,0
130,https://wh.lianjia.com/zufang/104100886100.html,瑞湖天地 4室2厅 3500元,3500,128平米,4室2厅2卫  ,低楼层 (共18层),南 北,暂无数据,瑞湖天地-24套出租中,洪山-珞狮南路,151天前发布,0
131,https://wh.lianjia.com/zufang/104100905304.html,联通佳苑 5室2厅 2000元,2000,180平米,5室2厅2卫  ,低楼层 (共20层),南 北,暂无数据,联通佳苑-13套出租中,东西湖-金银湖,141天前发布,0
132,https://wh.lianjia.com/zufang/104100891023.html,安居苑A区 3室2厅 2400元,2400,130平米,3室2厅2卫  ,高楼层 (共7层),南,距地铁阳逻线百步亭花园路1041米,安居苑A区-13套出租中,江岸-百步亭,148天前发布,0
133,https://wh.lianjia.com/zufang/104100882830.html,铂金天地 交通方便 傍边沙湖 风景优美,2300,92平米,2室2厅1卫  整租,低楼层 (共33层),南,暂无数据,铂金天地-11套出租中,洪山-沙湖,153天前发布,0
134,https://wh.lianjia.com/zufang/104100929693.html,融侨锦城1室 通透户型 采光充足,1800,43.08平米,1室1厅1卫  ,中楼层 (共15层),南,距地铁1号线古田三路536米,融侨锦城-29套出租中,硚口-古田,129天前发布,0
135,https://wh.lianjia.com/zufang/104100929170.html,云飞雅苑 4室2厅 5500元,5500,167平米,4室2厅2卫  ,中楼层 (共36层),南,暂无数据,云飞雅苑-1套出租中,江汉-CBD西北湖,129天前发布,0
136,https://wh.lianjia.com/zufang/104100924721.html,天勤花园 2室2厅 1900元,1900,87平米,2室2厅1卫  整租,低楼层 (共18层),西,距地铁1号线古田一路1193米,天勤花园-3套出租中,硚口-古田,131天前发布,0
137,https://wh.lianjia.com/zufang/104100918569.html,中城悦城 3室2厅 5500元,5500,119平米,3室2厅2卫  ,高楼层 (共48层),南 北,暂无数据,中城悦城-61套出租中,江汉-CBD西北湖,134天前发布,0
138,https://wh.lianjia.com/zufang/104100929723.html,保利城SOHO中心 2室1厅 4000元,4000,88平米,2室1厅1卫  ,低楼层 (共17层),南,距地铁8号线汪家墩1008米,保利城SOHO中心-24套出租中,武昌-团结大道,129天前发布,0
139,https://wh.lianjia.com/zufang/104100911867.html,安居苑C区 2室2厅 2000元,2000,90平米,2室2厅1卫  ,中楼层 (共7层),南,距地铁1号线丹水池1027米,安居苑C区-8套出租中,江岸-百步亭,137天前发布,0
140,https://wh.lianjia.com/zufang/104100907766.html,三金雄楚天地 6室2厅 33000元,33000,280平米,6室2厅2卫  ,高楼层 (共18层),南,距地铁2号线杨家湾63米,三金雄楚天地-42套出租中,洪山-虎泉杨家湾,139天前发布,0
141,https://wh.lianjia.com/zufang/104100917335.html,枫丹白鹭 2室1厅 3200元,3200,87平米,2室1厅1卫  ,中楼层 (共13层),南,距地铁8号线黄浦路556米,枫丹白鹭-5套出租中,江岸-黄埔永清,135天前发布,0
142,https://wh.lianjia.com/zufang/104100910936.html,泛海国际竹海园 2室2厅 3500元,3500,96.48平米,2室2厅1卫  ,低楼层 (共33层),南,距地铁3号线武汉商务区1089米,泛海国际竹海园-51套出租中,江汉-CBD西北湖,138天前发布,0
143,https://wh.lianjia.com/zufang/104100907416.html,曙光星城 3室2厅 4000元,4000,109平米,3室2厅1卫  ,低楼层 (共33层),南 北,暂无数据,曙光星城-55套出租中,东湖高新-民族大道,140天前发布,0
144,https://wh.lianjia.com/zufang/104100932387.html,常青1号 3室1厅 4800元,4800,100平米,3室1厅2卫  ,低楼层 (共18层),南,距地铁2号线长港路597米,常青1号-10套出租中,江汉-长港路,127天前发布,0
145,https://wh.lianjia.com/zufang/104100929778.html,汉阳四新绿地新都会，小区人车分流，业主诚心出租该房,2000,85平米,2室1厅1卫  ,低楼层 (共33层),南 北,暂无数据,绿地中央广场-27套出租中,汉阳-四新,129天前发布,0
146,https://wh.lianjia.com/zufang/104100914607.html,辉煌公寓 5室2厅 6000元,6000,270平米,5室2厅2卫  ,高楼层 (共8层),南 北,距地铁3号线范湖470米,辉煌公寓-13套出租中,江汉-CBD西北湖,136天前发布,0
147,https://wh.lianjia.com/zufang/104100906820.html,武汉天地盛荟 3室2厅 11000元,11000,149平米,3室2厅2卫  ,低楼层 (共39层),南,暂无数据,武汉天地盛荟-11套出租中,江岸-黄埔永清,140天前发布,0
148,https://wh.lianjia.com/zufang/104100909018.html,天悦尚景 1室1厅 1500元,1500,49平米,1室1厅1卫  ,高楼层 (共29层),北,距地铁阳逻线新荣客运站396米,天悦尚景-14套出租中,江岸-百步亭,139天前发布,0
149,https://wh.lianjia.com/zufang/104100915980.html,北大资源山水年华 2室2厅 1300元,1300,78.36平米,2室2厅1卫  ,中楼层 (共28层),南,暂无数据,北大资源山水年华-14套出租中,东湖高新-光谷东,135天前发布,0
150,https://wh.lianjia.com/zufang/104100912115.html,金汉花园 2室2厅 2300元,2300,100平米,2室2厅1卫  ,中楼层 (共8层),南 北,距地铁3号线香港路625米,金汉花园-3套出租中,江岸-育才花桥,137天前发布,0
151,https://wh.lianjia.com/zufang/104100911397.html,复地东湖国际四期 3室2厅 4500元,4500,157平米,3室2厅1卫  ,低楼层 (共32层),南 北,距地铁4号线青鱼嘴904米,复地东湖国际四期-21套出租中,武昌-中北路,138天前发布,0
152,https://wh.lianjia.com/zufang/104100924616.html,爱尚东亭 3室2厅 7500元,7500,139平米,3室2厅2卫  ,中楼层 (共30层),南 北,距地铁4号线东亭207米,爱尚东亭-11套出租中,武昌-沙湖,131天前发布,0
153,https://wh.lianjia.com/zufang/104100934467.html,金地华公馆 1室1厅 1800元,1800,41平米,1室1厅1卫  ,高楼层 (共18层),西,暂无数据,金地华公馆-14套出租中,东湖高新-华科大,126天前发布,0
154,https://wh.lianjia.com/zufang/104100935709.html,百合苑 7室3厅 5000元,5000,246平米,7室3厅2卫  ,高楼层 (共6层),南,距地铁阳逻线百步亭花园路684米,百合苑-16套出租中,江岸-百步亭,126天前发布,0
155,https://wh.lianjia.com/zufang/104100936345.html,金地雄楚一号 1室0厅 6000元,6000,102平米,1室0厅1卫  ,高楼层 (共18层),南 北,距地铁2号线杨家湾1178米,金地雄楚一号-59套出租中,东湖高新-关西长职,125天前发布,0
156,https://wh.lianjia.com/zufang/104100935374.html,瑞园小区 3室2厅 2700元,2700,101平米,3室2厅1卫  ,低楼层 (共33层),南,暂无数据,瑞园小区-4套出租中,汉阳-钟家村,126天前发布,0
157,https://wh.lianjia.com/zufang/104100934390.html,浩海小区 1室0厅 850元,850,15平米,1室0厅1卫  ,中楼层 (共8层),南,距地铁2号线长港路1062米,浩海小区-20套出租中,江汉-杨汊湖,126天前发布,0
158,https://wh.lianjia.com/zufang/104100954536.html,东勤佳苑 2室1厅 1900元,1900,86平米,2室1厅1卫  ,低楼层 (共11层),南,暂无数据,东勤佳苑-15套出租中,江岸-百步亭,114天前发布,0
159,https://wh.lianjia.com/zufang/104100958450.html,中山路261号 2室1厅 2000元,2000,67平米,2室1厅1卫  ,高楼层 (共6层),南,距地铁2号线螃蟹岬529米,中山路261号-2套出租中,武昌-积玉桥,113天前发布,0
160,https://wh.lianjia.com/zufang/104100939646.html,SBI创业街 1室1厅 2500元,2500,75.23平米,1室1厅2卫  ,高楼层 (共27层),南,暂无数据,SBI创业街-62套出租中,东湖高新-关山大道,123天前发布,0
161,https://wh.lianjia.com/zufang/104100955996.html,珞珈雅苑两室一厅 ，诚心出租中,1500,89.66平米,2室2厅1卫  整租,高楼层 (共32层),南,暂无数据,珞珈雅苑-75套出租中,洪山-珞狮南路,114天前发布,0
162,https://wh.lianjia.com/zufang/104100942320.html,集贤里社区 2室2厅 3000元,3000,99.27平米,2室2厅1卫  ,中楼层 (共9层),西,距地铁1号线崇仁路499米,集贤里社区-9套出租中,硚口-集贤,122天前发布,0
163,https://wh.lianjia.com/zufang/104100943304.html,福星城南区 2室1厅 1400元,1400,56.5平米,2室1厅1卫  ,低楼层 (共45层),南,距地铁2号线长港路993米,福星城南区-84套出租中,江汉-长港路,121天前发布,0
164,https://wh.lianjia.com/zufang/104100949654.html,常青花园三区 3室1厅 2200元,2200,75平米,3室1厅1卫  ,低楼层 (共6层),南 北,距地铁6号线轻工大学569米,常青花园三区-44套出租中,东西湖-常青花园,118天前发布,0
165,https://wh.lianjia.com/zufang/104100939973.html,万豪水岸枫林 3室2厅 2800元,2800,136平米,3室2厅2卫  ,中楼层 (共6层),南,暂无数据,万豪水岸枫林-17套出租中,东湖高新-金融港,123天前发布,0
166,https://wh.lianjia.com/zufang/104100947480.html,米兰映象 3室2厅 4100元,4100,103平米,3室2厅1卫  ,高楼层 (共33层),南,暂无数据,米兰映象-46套出租中,东湖高新-光谷广场,119天前发布,0
167,https://wh.lianjia.com/zufang/104100958700.html,丽华苑 2室2厅 2500元,2500,86平米,2室2厅1卫  ,低楼层 (共18层),南,暂无数据,丽华苑-56套出租中,武昌-团结大道,113天前发布,0
168,https://wh.lianjia.com/zufang/104100955397.html,亿达云山湖 3室2厅 1480元,1480,95平米,3室2厅1卫  ,中楼层 (共11层),南,暂无数据,亿达云山湖-45套出租中,东湖高新-光谷东,114天前发布,0
169,https://wh.lianjia.com/zufang/104100950936.html,欧景苑一期 3室2厅 2300元,2300,108平米,3室2厅1卫  ,高楼层 (共8层),南 北,暂无数据,欧景苑一期-6套出租中,武昌-杨园,117天前发布,0
170,https://wh.lianjia.com/zufang/104100952963.html,拉德芳斯 3室2厅 6000元,6000,120平米,3室2厅2卫  ,中楼层 (共18层),南,暂无数据,拉德芳斯-50套出租中,洪山-新南湖,115天前发布,0
171,https://wh.lianjia.com/zufang/104100945230.html,紫薇花园 3室2厅 3600元,3600,110平米,3室2厅1卫  ,中楼层 (共6层),南,距地铁1号线古田四路652米,紫薇花园-5套出租中,硚口-古田,120天前发布,0
172,https://wh.lianjia.com/zufang/104100955392.html,南国中心 2室1厅 4500元,4500,98平米,2室1厅1卫  ,中楼层 (共31层),西 北,距地铁1号线循礼门374米,南国中心-34套出租中,江汉-武广万松园,114天前发布,0
173,https://wh.lianjia.com/zufang/104100958794.html,德盛大厦 3室1厅 3200元,3200,110平米,3室1厅1卫  ,高楼层 (共25层),南,距地铁8号线竹叶山354米,德盛大厦-5套出租中,江岸-唐家墩,113天前发布,0
174,https://wh.lianjia.com/zufang/104100947544.html,东湖村社区 2室1厅 2000元,2000,65平米,2室1厅1卫  ,中楼层 (共5层),南,暂无数据,东湖村社区-3套出租中,武昌-街道口,119天前发布,0
175,https://wh.lianjia.com/zufang/104100957183.html,德润大厦 1室1厅 2300元,2300,59平米,1室1厅1卫  ,中楼层 (共28层),西南,距地铁1号线循礼门570米,德润大厦-8套出租中,江岸-大智路,113天前发布,0
176,https://wh.lianjia.com/zufang/104100958963.html,长源假日港湾 2室2厅 1800元,1800,79.53平米,2室2厅1卫  ,中楼层 (共32层),南 北,暂无数据,长源假日港湾-14套出租中,东西湖-金银湖,113天前发布,0
177,https://wh.lianjia.com/zufang/104100886255.html,丽华苑 2室1厅 2300元,2300,83.17平米,2室1厅1卫  ,低楼层 (共18层),东南,暂无数据,丽华苑-56套出租中,武昌-团结大道,151天前发布,0
178,https://wh.lianjia.com/zufang/104100881645.html,华立新华时代 3室2厅 6000元,6000,146平米,3室2厅2卫  ,中楼层 (共28层),南 北,距地铁3号线菱角湖755米,华立新华时代-22套出租中,江汉-CBD西北湖,153天前发布,0
179,https://wh.lianjia.com/zufang/104100892542.html,万安国际公寓 1室0厅 2200元,2200,54平米,1室0厅1卫  ,高楼层 (共26层),东,距地铁6号线武胜路182米,万安国际公寓-5套出租中,硚口-集贤,148天前发布,0
180,https://wh.lianjia.com/zufang/104100890039.html,爱家国际华城 3室2厅 3900元,3900,128平米,3室2厅2卫  ,高楼层 (共28层),南 北,暂无数据,爱家国际华城-23套出租中,洪山-团结大道,149天前发布,0
181,https://wh.lianjia.com/zufang/104100901989.html,万科翡翠国际 3室1厅 5500元,5500,144.62平米,3室1厅2卫  ,高楼层 (共56层),东,距地铁3号线菱角湖431米,万科翡翠国际-29套出租中,江汉-台北香港路,143天前发布,0
182,https://wh.lianjia.com/zufang/104100897901.html,常青花园第一社区 1室1厅 1400元,1400,35平米,1室1厅1卫  ,中楼层 (共6层),南,暂无数据,常青花园第一社区-76套出租中,东西湖-常青花园,145天前发布,0
183,https://wh.lianjia.com/zufang/104100886986.html,亿达云山湖 3室1厅 1500元,1500,107平米,3室1厅2卫  ,高楼层 (共11层),南,暂无数据,亿达云山湖-45套出租中,东湖高新-光谷东,150天前发布,0
184,https://wh.lianjia.com/zufang/104100885531.html,东一时区 4室2厅 5000元,5000,160平米,4室2厅1卫  ,高楼层 (共30层),南,距地铁2号线王家墩东1142米,东一时区-10套出租中,江汉-武广万松园,151天前发布,0
185,https://wh.lianjia.com/zufang/104100877655.html,佳馨花园二期 4室2厅 4500元,4500,150平米,4室2厅2卫  ,中楼层 (共28层),东南,距地铁8号线徐家棚708米,佳馨花园二期-18套出租中,洪山-徐东,155天前发布,0
186,https://wh.lianjia.com/zufang/104100876162.html,御景名门 2室1厅 2500元,2500,81平米,2室1厅1卫  ,中楼层 (共32层),南,暂无数据,御景名门-14套出租中,洪山-街道口,156天前发布,0
187,https://wh.lianjia.com/zufang/104100892352.html,百步亭花园世博园 2室1厅 2200元,2200,61平米,2室1厅1卫  ,高楼层 (共28层),南 西南,距地铁阳逻线百步亭花园路524米,百步亭花园世博园-13套出租中,江岸-百步亭,148天前发布,0
188,https://wh.lianjia.com/zufang/104100903256.html,加州阳光 3室2厅 4200元,4200,100平米,3室2厅1卫  ,中楼层 (共32层),南,距地铁2号线光谷广场1000米,加州阳光-43套出租中,东湖高新-光谷广场,142天前发布,0
189,https://wh.lianjia.com/zufang/104100926437.html,CBD楚世家 3室2厅 4500元,4500,130平米,3室2厅2卫  ,高楼层 (共32层),南 北,距地铁3号线双墩690米,CBD楚世家-23套出租中,江汉-CBD西北湖,130天前发布,0
190,https://wh.lianjia.com/zufang/104100933595.html,复地翠微新城一期 3室2厅 3500元,3500,120平米,3室2厅2卫  ,中楼层 (共9层),南,距地铁4号线汉阳火车站890米,复地翠微新城一期-6套出租中,汉阳-钟家村,127天前发布,0
191,https://wh.lianjia.com/zufang/104100908437.html,三阳金城 2室1厅 4300元,4300,93平米,2室1厅1卫  ,中楼层 (共32层),南 北,距地铁1号线三阳路454米,三阳金城-47套出租中,江岸-三阳路,139天前发布,0
192,https://wh.lianjia.com/zufang/104100932095.html,汉街壹号公馆 万达统一精装修 业主诚租 小区管理好,10000,175平米,3室2厅2卫  整租,中楼层 (共46层),南,距地铁4号线楚河汉街640米,汉街壹号公馆-44套出租中,洪山-楚河汉街,127天前发布,0
193,https://wh.lianjia.com/zufang/104100910528.html,花西公寓 3室1厅 2000元,2000,109.59平米,3室1厅1卫  ,高楼层 (共8层),南,距地铁6号线三眼桥893米,花西公寓-9套出租中,江岸-育才花桥,138天前发布,0
194,https://wh.lianjia.com/zufang/104100919857.html,华苑社区 2室1厅 1700元,1700,70平米,2室1厅1卫  ,中楼层 (共7层),南,距地铁6号线石桥863米,华苑社区-54套出租中,江汉-杨汊湖,134天前发布,0
195,https://wh.lianjia.com/zufang/104100906948.html,安居苑C区 2室2厅 1900元,1900,93平米,2室2厅1卫  ,中楼层 (共7层),南,距地铁1号线丹水池1096米,安居苑C区-8套出租中,江岸-百步亭,140天前发布,0
196,https://wh.lianjia.com/zufang/104100926538.html,富强天合熙园 1室1厅 1900元,1900,45平米,1室1厅1卫  ,低楼层 (共15层),南,距地铁8号线中一路652米,富强天合熙园-12套出租中,江岸-塔子湖,130天前发布,0
197,https://wh.lianjia.com/zufang/104100935480.html,泛海国际竹海园 2室1厅 4000元,4000,97.12平米,2室1厅1卫  ,低楼层 (共33层),南,距地铁3号线武汉商务区969米,泛海国际竹海园-51套出租中,江汉-CBD西北湖,126天前发布,0
198,https://wh.lianjia.com/zufang/104100927500.html,民航小区 3室2厅 2500元,2500,83平米,3室2厅1卫  ,高楼层 (共7层),南,距地铁2号线长港路970米,民航小区-25套出租中,江汉-长港路,130天前发布,0
199,https://wh.lianjia.com/zufang/104100932763.html,九峰景源里西苑 3室2厅 1800元,1800,100平米,3室2厅1卫  ,低楼层 (共18层),南,暂无数据,九峰景源里西苑-11套出租中,东湖高新-光谷东,127天前发布,0
200,https://wh.lianjia.com/zufang/104100936208.html,汉口春天 3室2厅 3600元,3600,130平米,3室2厅2卫  ,低楼层 (共6层),南,距地铁1号线古田三路707米,汉口春天-21套出租中,硚口-古田,125天前发布,0
201,https://wh.lianjia.com/zufang/104100930739.html,群光上苑 2室1厅 4500元,4500,89平米,2室1厅1卫  ,中楼层 (共32层),南,距地铁2号线街道口551米,群光上苑-45套出租中,洪山-街道口,128天前发布,0
202,https://wh.lianjia.com/zufang/104100908387.html,纯水岸东湖天屿二期 3室2厅 6000元,6000,162平米,3室2厅1卫  ,高楼层 (共45层),南,暂无数据,纯水岸东湖天屿二期-29套出租中,洪山-东湖东亭,139天前发布,0
203,https://wh.lianjia.com/zufang/104100908264.html,金桥港湾花园 3室1厅 3000元,3000,125平米,3室1厅2卫  ,低楼层 (共18层),东南,距地铁6号线建港675米,金桥港湾花园-7套出租中,汉阳-钟家村,139天前发布,0
204,https://wh.lianjia.com/zufang/104100932631.html,福星城南区 2室1厅 1800元,1800,94平米,2室1厅1卫  ,低楼层 (共51层),南,距地铁2号线长港路939米,福星城南区-84套出租中,江汉-长港路,127天前发布,0
205,https://wh.lianjia.com/zufang/104100921066.html,西马新村 2室1厅 1800元,1800,71.66平米,2室1厅1卫  ,高楼层 (共8层),南,距地铁6号线三眼桥432米,西马新村-32套出租中,江汉-台北香港路,133天前发布,0
206,https://wh.lianjia.com/zufang/104100936782.html,滨江苑二期 3室2厅 4400元,4400,136平米,3室2厅2卫  ,低楼层 (共13层),东南,距地铁1号线头道街984米,滨江苑二期-3套出租中,江岸-黄埔永清,125天前发布,0
207,https://wh.lianjia.com/zufang/104100939938.html,紫云黄狮海岸 4室1厅 1500元,1500,150平米,4室1厅2卫  ,低楼层 (共4层),南,暂无数据,紫云黄狮海岸-6套出租中,东西湖-金银湖,123天前发布,0
208,https://wh.lianjia.com/zufang/104100940498.html,中一花园 5室2厅 5000元,5000,200平米,5室2厅2卫  ,高楼层 (共11层),南 北,距地铁8号线中一路558米,中一花园-5套出租中,江岸-塔子湖,123天前发布,0
209,https://wh.lianjia.com/zufang/104100941232.html,幸福时代 2室1厅 2300元,2300,77平米,2室1厅1卫  ,高楼层 (共31层),南,距地铁阳逻线百步亭花园路6米,幸福时代-18套出租中,江岸-百步亭,122天前发布,0
210,https://wh.lianjia.com/zufang/104101156694.html,中城时代一期 3室2厅 2000元,2000,121平米,3室2厅2卫  ,低楼层 (共6层),南 北,暂无数据,中城时代一期-9套出租中,黄陂-盘龙城,26天前发布,0
211,https://wh.lianjia.com/zufang/104101143448.html,安顺家园 2室2厅 5500元,5500,129.52平米,2室2厅2卫  整租,高楼层 (共18层),南,距地铁4号线楚河汉街637米,安顺家园-15套出租中,武昌-楚河汉街,30天前发布,0
212,https://wh.lianjia.com/zufang/104101211036.html,丽岛柳园 2室2厅 2500元,2500,109平米,2室2厅1卫  ,高楼层 (共24层),南,暂无数据,丽岛柳园-11套出租中,洪山-新南湖,7天前发布,0
213,https://wh.lianjia.com/zufang/104101227246.html,烽火·馨德紫園 3室2厅 3500元,3500,116平米,3室2厅2卫  ,中楼层 (共32层),南,暂无数据,烽火·馨德紫園-2套出租中,洪山-白沙洲,2天前发布,0
214,https://wh.lianjia.com/zufang/104101220124.html,星悦城一期 3室2厅 2700元,2700,95平米,3室2厅1卫  ,中楼层 (共34层),南,距地铁6号线杨汊湖855米,星悦城一期-18套出租中,江岸-塔子湖,4天前发布,0
215,https://wh.lianjia.com/zufang/104101219263.html,雅居苑 3室2厅 2400元,2400,127平米,3室2厅2卫  ,中楼层 (共7层),南 北,距地铁6号线马鹦路843米,雅居苑-4套出租中,汉阳-钟家村,4天前发布,0
216,https://wh.lianjia.com/zufang/104101118010.html,泛海国际悦海园 3室2厅 4000元,4000,100平米,3室2厅1卫  ,低楼层 (共32层),东,距地铁3号线云飞路653米,泛海国际悦海园-72套出租中,江汉-CBD西北湖,39天前发布,0
217,https://wh.lianjia.com/zufang/104101217970.html,世纪龙城 3室2厅 3400元,3400,120平米,3室2厅2卫  ,低楼层 (共33层),南,距地铁3号线陶家岭881米,世纪龙城-18套出租中,汉阳-王家湾,5天前发布,0
218,https://wh.lianjia.com/zufang/104101196734.html,安装宿舍 2室1厅 2300元,2300,65平米,2室1厅1卫  ,低楼层 (共6层),南,暂无数据,安装宿舍-5套出租中,武昌-中南丁字桥,13天前发布,0
219,https://wh.lianjia.com/zufang/104101175411.html,广电江湾新城 2室1厅 3000元,3000,88平米,2室1厅1卫  ,中楼层 (共24层),南,暂无数据,广电江湾新城-36套出租中,硚口-古田,20天前发布,0
220,https://wh.lianjia.com/zufang/104101222015.html,恒大御园 2室1厅 4600元,4600,86平米,2室1厅1卫  ,高楼层 (共28层),南,距地铁3号线云飞路679米,恒大御园-18套出租中,江汉-CBD西北湖,3天前发布,0
221,https://wh.lianjia.com/zufang/104101227611.html,锋尚时代大厦 1室1厅 1900元,1900,40.5平米,1室1厅1卫  ,中楼层 (共21层),南,距地铁1号线三阳路951米,锋尚时代大厦-13套出租中,江岸-三阳路,2天前发布,0
222,https://wh.lianjia.com/zufang/104101224208.html,金地本座 1室1厅 2500元,2500,52平米,1室1厅1卫  ,低楼层 (共32层),南,距地铁2号线杨家湾1121米,金地本座-10套出租中,东湖高新-关西长职,3天前发布,0
223,https://wh.lianjia.com/zufang/104101227460.html,阜华大厦 1室1厅 14500元,14500,300平米,1室1厅1卫  ,中楼层 (共30层),南,距地铁2号线街道口168米,阜华大厦-38套出租中,洪山-街道口,2天前发布,0
224,https://wh.lianjia.com/zufang/104101218530.html,联投龙湾一期 3室2厅 2600元,2600,116平米,3室2厅2卫  ,低楼层 (共33层),南,暂无数据,联投龙湾一期-10套出租中,江夏-文化大道,5天前发布,0
225,https://wh.lianjia.com/zufang/104101205427.html,中建福地星城 3室2厅 3800元,3800,105.67平米,3室2厅2卫  ,低楼层 (共33层),南 北,暂无数据,中建福地星城-17套出租中,洪山-珞狮南路,9天前发布,0
226,https://wh.lianjia.com/zufang/104101227871.html,兰陵大公馆 1室0厅 2400元,2400,47平米,1室0厅1卫  ,低楼层 (共31层),西南,距地铁1号线大智路890米,兰陵大公馆-14套出租中,江岸-大智路,2天前发布,0
227,https://wh.lianjia.com/zufang/104101226940.html,保利清能西海岸 1室0厅 1100元,1100,30平米,1室0厅1卫  ,低楼层 (共27层),南,暂无数据,保利清能西海岸-88套出租中,江夏-藏龙岛,2天前发布,0
228,https://wh.lianjia.com/zufang/104101115674.html,凯乐桂园 1室0厅 750元,750,10平米,1室0厅0卫  ,高楼层 (共28层),南 北,距地铁2号线虎泉302米,凯乐桂园-15套出租中,洪山-卓刀泉,40天前发布,0
229,https://wh.lianjia.com/zufang/104100684761.html,万科城 2室1厅 3000元,3000,68平米,2室1厅1卫  ,低楼层 (共50层),南,距地铁2号线长港路1037米,万科城-32套出租中,江汉-常青路,292天前发布,0
230,https://wh.lianjia.com/zufang/104101227965.html,幸福时代三期 2室2厅 2800元,2800,83平米,2室2厅1卫  ,中楼层 (共32层),南,距地铁阳逻线百步亭花园路629米,幸福时代三期-8套出租中,江岸-百步亭,1天前发布,0
231,https://wh.lianjia.com/zufang/104101118657.html,团结名居兰园 2室1厅 2400元,2400,80平米,2室1厅1卫  ,中楼层 (共33层),南,距地铁8号线徐东1130米,团结名居兰园-11套出租中,洪山-徐东,39天前发布,0
232,https://wh.lianjia.com/zufang/104101222169.html,金地自在城 3室2厅 4000元,4000,118平米,3室2厅2卫  ,低楼层 (共31层),南,暂无数据,金地自在城-115套出租中,洪山-团结大道,3天前发布,0
233,https://wh.lianjia.com/zufang/104101217888.html,王家湾中央生活区 1室1厅 4000元,4000,77平米,1室1厅1卫  ,中楼层 (共27层),南 北,距地铁4号线王家湾353米,王家湾中央生活区-50套出租中,汉阳-王家湾,5天前发布,0
234,https://wh.lianjia.com/zufang/104101228258.html,武汉警官职业学院武昌校区 1室0厅 1300元,1300,15平米,1室0厅1卫  ,高楼层 (共23层),南,暂无数据,武汉警官职业学院武昌校区-2套出租中,洪山-卓刀泉,1天前发布,0
235,https://wh.lianjia.com/zufang/104101207646.html,东湖景园A区 3室2厅 3500元,3500,100平米,3室2厅1卫  ,高楼层 (共29层),南,距地铁4号线铁机路723米,东湖景园A区-36套出租中,洪山-东湖东亭,8天前发布,0
236,https://wh.lianjia.com/zufang/104101224152.html,当代国际花园一期 2室1厅 2600元,2600,46平米,2室1厅1卫  ,高楼层 (共4层),南 北,暂无数据,当代国际花园一期-10套出租中,东湖高新-金融港,3天前发布,0
237,https://wh.lianjia.com/zufang/104101200231.html,徐东四期公寓 2室1厅 2200元,2200,90平米,2室1厅1卫  ,中楼层 (共8层),南,距地铁8号线徐东641米,徐东四期公寓-9套出租中,武昌-徐东,11天前发布,0
238,https://wh.lianjia.com/zufang/104101227637.html,新澳蓝草坪 2室2厅 2800元,2800,95平米,2室2厅1卫  ,中楼层 (共11层),南,距地铁3号线龙阳村605米,新澳蓝草坪-11套出租中,汉阳-王家湾,2天前发布,0
239,https://wh.lianjia.com/zufang/104101227097.html,世纪彩城 5室2厅 53850元,53850,718平米,5室2厅2卫  ,中楼层 (共25层),南 北,距地铁4号线东亭99米,世纪彩城-18套出租中,洪山-沙湖,2天前发布,0
240,https://wh.lianjia.com/zufang/104101204088.html,武昌区南湖花园南李路首义学院旁,2100,80平米,3室2厅1卫  ,中楼层 (共17层),南,暂无数据,军威苑小区-14套出租中,洪山-老南湖,10天前发布,0
241,https://wh.lianjia.com/zufang/104101227115.html,船检宿舍 1室1厅 1700元,1700,40平米,1室1厅1卫  ,低楼层 (共8层),南 北,暂无数据,船检宿舍-1套出租中,江岸-台北香港路,2天前发布,0
242,https://wh.lianjia.com/zufang/104101226890.html,黎明村 2室1厅 2000元,2000,52.5平米,2室1厅1卫  ,中楼层 (共7层),南 北,暂无数据,黎明村-4套出租中,洪山-街道口,2天前发布,0
243,https://wh.lianjia.com/zufang/104101157308.html,幸福时代 2室1厅 2200元,2200,77平米,2室1厅1卫  ,高楼层 (共31层),南,距地铁阳逻线百步亭花园路6米,幸福时代-18套出租中,江岸-百步亭,26天前发布,0
244,https://wh.lianjia.com/zufang/104101218268.html,惠风同庆花园蜜糖镇 3室2厅 2500元,2500,120平米,3室2厅1卫  ,中楼层 (共28层),南 北,暂无数据,惠风同庆花园蜜糖镇-5套出租中,东湖高新-光谷南,5天前发布,0
245,https://wh.lianjia.com/zufang/104101031613.html,钰龙旭辉半岛 3室2厅 2800元,2800,98平米,3室2厅1卫  ,高楼层 (共40层),南,暂无数据,钰龙旭辉半岛-13套出租中,汉阳-七里庙,77天前发布,0
246,https://wh.lianjia.com/zufang/104101171195.html,常青花园三区 3室1厅 2200元,2200,75平米,3室1厅1卫  ,中楼层 (共6层),南,距地铁6号线轻工大学673米,常青花园三区-44套出租中,东西湖-常青花园,21天前发布,0
247,https://wh.lianjia.com/zufang/104101215768.html,大江鑫港龙城 3室2厅 2700元,2700,125平米,3室2厅2卫  整租,高楼层 (共31层),南,暂无数据,大江鑫港龙城-3套出租中,汉阳-王家湾,6天前发布,0
248,https://wh.lianjia.com/zufang/104101144683.html,丽华苑 2室1厅 2600元,2600,80平米,2室1厅1卫  ,中楼层 (共18层),南,暂无数据,丽华苑-56套出租中,武昌-团结大道,30天前发布,0
249,https://wh.lianjia.com/zufang/104101223571.html,新三巷社区 3室1厅 2000元,2000,80平米,3室1厅1卫  ,中楼层 (共8层),东南,暂无数据,新三巷社区-3套出租中,江岸-台北香港路,3天前发布,0
250,https://wh.lianjia.com/zufang/104101222148.html,狮城公寓 1室0厅 1500元,1500,20平米,1室0厅1卫  ,中楼层 (共8层),南,暂无数据,狮城公寓-6套出租中,洪山-街道口,3天前发布,0
251,https://wh.lianjia.com/zufang/104101106029.html,江南新天地 3室2厅 2000元,2000,129.73平米,3室2厅1卫  ,低楼层 (共32层),南,暂无数据,江南新天地-16套出租中,江夏-文化大道,43天前发布,0
252,https://wh.lianjia.com/zufang/104101217909.html,龙阳时代 1室1厅 13500元,13500,50平米,1室1厅1卫  ,高楼层 (共30层),南 北,距地铁3号线龙阳村191米,龙阳时代-28套出租中,汉阳-王家湾,5天前发布,0
253,https://wh.lianjia.com/zufang/104101217915.html,龙阳时代 1室1厅 8500元,8500,37平米,1室1厅1卫  ,高楼层 (共30层),南 北,距地铁3号线龙阳村191米,龙阳时代-28套出租中,汉阳-王家湾,5天前发布,0
254,https://wh.lianjia.com/zufang/104101221450.html,江景大厦 1室1厅 2200元,2200,40平米,1室1厅1卫  ,高楼层 (共29层),东南,距地铁8号线黄浦路866米,江景大厦-17套出租中,江岸-三阳路,4天前发布,0
255,https://wh.lianjia.com/zufang/104101211908.html,长江楚韵 3室1厅 2500元,2500,97平米,3室1厅1卫  ,低楼层 (共33层),南,暂无数据,长江楚韵-2套出租中,沌口开发区-沌口,7天前发布,0
256,https://wh.lianjia.com/zufang/104101211996.html,航天兴隆国际 2室1厅 2500元,2500,94.4平米,2室1厅1卫  ,高楼层 (共30层),南 北,暂无数据,航天兴隆国际-9套出租中,东西湖-金银湖,7天前发布,0
257,https://wh.lianjia.com/zufang/104101078046.html,拎包入住家私家电齐全园林式小区绿化好,3100,80平米,2室2厅1卫  ,低楼层 (共18层),南,距地铁4号线梅苑小区1072米,武昌城市公园-21套出租中,洪山-武昌火车站,55天前发布,0
258,https://wh.lianjia.com/zufang/104101212319.html,苗栗路101到105号 2室1厅 2400元,2400,61平米,2室1厅1卫  ,中楼层 (共8层),南,距地铁6号线苗栗路550米,苗栗路101到105号-2套出租中,江岸-台北香港路,7天前发布,0
259,https://wh.lianjia.com/zufang/104101227778.html,清江泓景 2室2厅 2300元,2300,88平米,2室2厅1卫  ,中楼层 (共32层),南,暂无数据,清江泓景-12套出租中,江夏-文化大道,2天前发布,0
260,https://wh.lianjia.com/zufang/104101208098.html,友谊国际D+公馆 2室2厅 4000元,4000,40平米,2室2厅2卫  ,中楼层 (共17层),南,距地铁2号线螃蟹岬769米,友谊国际D+公馆-45套出租中,武昌-积玉桥,8天前发布,0
261,https://wh.lianjia.com/zufang/104101179639.html,爱家国际华城 3室2厅 4000元,4000,136平米,3室2厅2卫  ,高楼层 (共24层),北,暂无数据,爱家国际华城-23套出租中,洪山-团结大道,18天前发布,0
262,https://wh.lianjia.com/zufang/104101211079.html,观澜外校城两房，家具家电齐全，拎包入住,2500,77.6平米,2室2厅1卫  ,高楼层 (共33层),南,暂无数据,观澜外校城-2套出租中,汉阳-四新,7天前发布,0
263,https://wh.lianjia.com/zufang/104101226718.html,宝康苑，精装修，卫生间有窗户，干净整洁,3000,71平米,2室2厅1卫  整租,中楼层 (共18层),西,距地铁1号线崇仁路388米,宝康苑-8套出租中,硚口-集贤,2天前发布,0
264,https://wh.lianjia.com/zufang/104101195234.html,罗家庄长航宿舍 正规两房 南北通透 户型方正 楼层好,2000,74平米,2室1厅1卫  整租,中楼层 (共8层),东南,距地铁3号线罗家庄386米,罗家庄社区-12套出租中,江岸-黄埔永清,13天前发布,0
265,https://wh.lianjia.com/zufang/104101226919.html,金地雄楚一号 2室2厅 16500元,16500,150平米,2室2厅4卫  ,高楼层 (共18层),南,距地铁2号线杨家湾1178米,金地雄楚一号-59套出租中,东湖高新-关西长职,2天前发布,0
266,https://wh.lianjia.com/zufang/104101214985.html,崇安鑫城 1室1厅 2800元,2800,58平米,1室1厅1卫  ,高楼层 (共19层),南 北,距地铁1号线友谊路318米,崇安鑫城-7套出租中,江汉-前进江汉,6天前发布,0
267,https://wh.lianjia.com/zufang/104101227325.html,佰昌公馆 3室1厅 2500元,2500,89平米,3室1厅2卫  ,中楼层 (共34层),南,距地铁1号线滕子岗827米,佰昌公馆-5套出租中,江岸-堤角,2天前发布,0
268,https://wh.lianjia.com/zufang/104101220180.html,保利城 3室2厅 2800元,2800,94平米,3室2厅1卫  ,低楼层 (共29层),南,暂无数据,保利城-204套出租中,武昌-团结大道,4天前发布,0
269,https://wh.lianjia.com/zufang/104101227064.html,鹏程国际 1室1厅 2600元,2600,50.38平米,1室1厅1卫  ,低楼层 (共29层),南,距地铁2号线街道口252米,鹏程国际-28套出租中,洪山-街道口,2天前发布,0
270,https://wh.lianjia.com/zufang/104101200520.html,绿地国际金融城一期 2室2厅 4000元,4000,87平米,2室2厅1卫  ,高楼层 (共26层),南,暂无数据,绿地国际金融城一期-100套出租中,武昌-积玉桥,11天前发布,0
271,https://wh.lianjia.com/zufang/104101216016.html,光谷理想城 1室0厅 1900元,1900,40平米,1室0厅1卫  ,低楼层 (共33层),南,暂无数据,光谷理想城-4套出租中,东湖高新-关山大道,5天前发布,0
272,https://wh.lianjia.com/zufang/104101216061.html,金银岛花园 3室2厅 3300元,3300,135平米,3室2厅1卫  整租,中楼层 (共9层),南,距地铁8号线徐东540米,金银岛花园-4套出租中,武昌-徐东,5天前发布,0
273,https://wh.lianjia.com/zufang/104101215817.html,铂金天地 3室2厅 4200元,4200,122平米,3室2厅2卫  ,中楼层 (共33层),南,暂无数据,铂金天地-11套出租中,洪山-沙湖,6天前发布,0
274,https://wh.lianjia.com/zufang/104100469774.html,武烟宿舍 2室1厅 2400元,2400,90平米,2室1厅1卫  ,低楼层 (共6层),南,距地铁1号线硚口路722米,武烟宿舍-1套出租中,硚口-宝丰崇仁,447天前发布,0
